"Player","Team","Position","Type","Team","Date (PST)","Period"
"Konnor Griffin","PIT","SS","Claim","Vladdy’s Daycare","Mon Sep 15, 2025, 3:02PM","22"
"Jake Burger","TEX","1B,3B","Drop","gochargers","Mon Sep 15, 2025, 1:27PM","22"
"Matt Brash","SEA","RP","Claim","gochargers","Mon Sep 15, 2025, 8:56AM","22"
"Jake Burger","TEX","1B,3B","Claim","gochargers","Mon Sep 15, 2025, 8:51AM","22"
"Harrison Bader","MIN/PHI","OF","Claim","gochargers","Sun Sep 14, 2025, 7:08PM","22"
"Luis Gil","NYY","SP","Claim","Scotts Tots","Sun Sep 14, 2025, 7:00PM","22"
"Spencer Torkelson","DET","1B","Drop","Scotts Tots","Sun Sep 14, 2025, 7:00PM","22"
"Otto Lopez","MIA","2B,SS","Claim","Scotts Tots","Sun Sep 14, 2025, 7:00PM","22"
"Xavier Edwards","MIA","2B,SS","Drop","Scotts Tots","Sun Sep 14, 2025, 7:00PM","22"
"Miguel Andujar","ATH/CIN","3B,OF","Drop","gochargers","Sun Sep 14, 2025, 6:18PM","22"
"Andrew Vaughn","CHW/MIL","1B","Drop","gochargers","Sun Sep 14, 2025, 6:18PM","22"
"Edward Cabrera","MIA","SP","Drop","Scotts Tots","Sun Sep 14, 2025, 9:02AM","22"
"Jason Adam","SD","RP","Drop","gochargers","Wed Sep 10, 2025, 10:35AM","22"
"Max Scherzer","TOR","SP","Claim","pcorcoran3","Sun Sep 7, 2025, 7:00PM","22"
"Ronny Henriquez","MIA","RP","Claim","Scotts Tots","Sun Aug 31, 2025, 10:01PM","21"
"Anthony Santander","TOR","OF","Drop","Scotts Tots","Sun Aug 31, 2025, 10:01PM","21"
"Jacob Wilson","ATH","SS","Claim","Scotts Tots","Sun Aug 31, 2025, 9:52PM","21"
"Brendan Donovan","STL","2B,OF","Drop","Scotts Tots","Sun Aug 31, 2025, 9:52PM","21"
"Adrian Morejon","SD","RP","Claim","Vladdy’s Daycare","Sun Aug 31, 2025, 7:00PM","21"
"Griffin Jax","MIN/TB","RP","Drop","Vladdy’s Daycare","Sun Aug 31, 2025, 7:00PM","21"
"Giancarlo Stanton","NYY","OF,UT","Drop","Vladdy’s Daycare","Sun Aug 31, 2025, 4:32PM","21"
"Max Scherzer","TOR","SP","Drop","Vladdy’s Daycare","Sun Aug 31, 2025, 4:25PM","21"
"Giancarlo Stanton","NYY","OF,UT","Claim","Vladdy’s Daycare","Sun Aug 24, 2025, 7:00PM","21"
"Evan Carter","TEX","OF","Drop","Vladdy’s Daycare","Sun Aug 24, 2025, 7:00PM","21"
"Kyle Manzardo","CLE","1B","Claim","pcorcoran3","Mon Aug 18, 2025, 6:20AM","20"
"Miguel Andujar","ATH/CIN","3B,OF","Claim","gochargers","Mon Aug 18, 2025, 2:38AM","20"
"Jacob Lopez","ATH","SP,RP","Claim","Hels Bells","Sun Aug 17, 2025, 9:34PM","20"
"Ryne Nelson","ARI","SP,RP","Drop","Hels Bells","Sun Aug 17, 2025, 9:32PM","20"
"Noelvi Marte","CIN","3B,OF","Claim","Hels Bells","Sun Aug 17, 2025, 9:31PM","20"
"Jonathan Aranda","TB","1B","Drop","Hels Bells","Sun Aug 17, 2025, 9:28PM","20"
"Nolan McLean","NYM","UT,SP","Claim","Scotts Tots","Sun Aug 17, 2025, 7:49PM","20"
"Jesus Sanchez","MIA/HOU","OF","Drop","Scotts Tots","Sun Aug 17, 2025, 7:49PM","20"
"Max Scherzer","TOR","SP","Claim","Vladdy’s Daycare","Sun Aug 17, 2025, 7:00PM","20"
"Bailey Ober","MIN","SP","Drop","Vladdy’s Daycare","Sun Aug 17, 2025, 7:00PM","20"
"Owen Caissie","CHC","OF","Claim","Sasaki Bombs","Sun Aug 17, 2025, 7:00PM","20"
"Trevor Larnach","MIN","OF","Drop","Sasaki Bombs","Sun Aug 17, 2025, 7:00PM","20"
"Kyle Stowers","MIA","OF","Drop","gochargers","Sun Aug 17, 2025, 9:54AM","20"
"Colton Cowser","BAL","OF","Drop","gochargers","Sun Aug 17, 2025, 7:19AM","20"
"Trevor Megill","MIL","RP","Claim","gochargers","Mon Aug 11, 2025, 9:34AM","19"
"Ryne Nelson","ARI","SP,RP","Claim","Hels Bells","Mon Aug 11, 2025, 9:33AM","19"
"Zach Eflin","BAL","SP","Drop","Hels Bells","Mon Aug 11, 2025, 9:33AM","19"
"Kody Clemens","PHI/MIN","1B,2B,OF","Claim","Hels Bells","Mon Aug 11, 2025, 9:29AM","19"
"Tyler O'Neill","BAL","OF","Drop","Hels Bells","Mon Aug 11, 2025, 9:29AM","19"
"Jacob Wilson","ATH","SS","Drop","gochargers","Mon Aug 11, 2025, 9:28AM","19"
"Trevor Rogers","BAL","SP","Claim","Sasaki Bombs","Mon Aug 11, 2025, 7:14AM","19"
"Adrian Houser","TEX/CHW/TB","SP,RP","Drop","Sasaki Bombs","Mon Aug 11, 2025, 7:14AM","19"
"Brenton Doyle","COL","OF","Claim","Scotts Tots","Mon Aug 11, 2025, 3:47AM","19"
"Jeff Hoffman","TOR","RP","Drop","Scotts Tots","Mon Aug 11, 2025, 3:47AM","19"
"Isaac Collins","MIL","OF,UT","Claim","gochargers","Mon Aug 11, 2025, 3:30AM","19"
"Cam Smith","HOU","3B,OF","Drop","gochargers","Mon Aug 11, 2025, 3:30AM","19"
"Matt Wallner","MIN","OF","Claim","Scotts Tots","Sun Aug 10, 2025, 8:17PM","19"
"Ethan Salas","SD","C","Drop","Scotts Tots","Sun Aug 10, 2025, 8:17PM","19"
"Jakob Marsee","MIA","OF","Claim","Vladdy’s Daycare","Sun Aug 10, 2025, 7:00PM","19"
"Bailey Ober","MIN","SP","Claim","Vladdy’s Daycare","Sun Aug 10, 2025, 7:00PM","19"
"Colson Montgomery","CHW","3B,SS","Claim","gochargers","Mon Aug 4, 2025, 6:40AM","18"
"Tommy Edman","LAD","2B,3B,OF","Drop","gochargers","Mon Aug 4, 2025, 6:39AM","18"
"Andrew Vaughn","CHW/MIL","1B","Claim","gochargers","Mon Aug 4, 2025, 6:37AM","18"
"Edward Cabrera","MIA","SP","Claim","Scotts Tots","Mon Aug 4, 2025, 6:26AM","18"
"Jesus Sanchez","MIA/HOU","OF","Claim","Scotts Tots","Mon Aug 4, 2025, 6:19AM","18"
"Grant Holmes","ATL","SP,RP","Drop","Scotts Tots","Mon Aug 4, 2025, 6:15AM","18"
"Trevor Larnach","MIN","OF","Claim","Sasaki Bombs","Mon Aug 4, 2025, 6:13AM","18"
"Hyeseong Kim","LAD","2B,SS,OF","Drop","Sasaki Bombs","Mon Aug 4, 2025, 6:13AM","18"
"Luis Severino","ATH","SP","Drop","pcorcoran3","Sat Aug 2, 2025, 1:47PM","18"
"Kumar Rocker","TEX","SP","Drop","gochargers","Fri Aug 1, 2025, 5:04AM","18"
"Eric Lauer","TOR","SP,RP","Claim","Kposer","Mon Jul 28, 2025, 2:18PM","17"
"Ramon Laureano","BAL/SD","OF","Claim","Hels Bells","Mon Jul 28, 2025, 1:56PM","17"
"Pavin Smith","ARI","1B,OF","Drop","Hels Bells","Mon Jul 28, 2025, 1:55PM","17"
"Jeremiah Estrada","SD","RP","Claim","Scotts Tots","Mon Jul 28, 2025, 12:19PM","17"
"Addison Barger","TOR","3B,OF","Claim","Sasaki Bombs","Mon Jul 28, 2025, 7:32AM","17"
"Mickey Moniak","LAA/COL","OF","Claim","Kposer","Mon Jul 28, 2025, 7:20AM","17"
"David Peterson","NYM","SP","Claim","The Old Timers","Mon Jul 28, 2025, 3:19AM","17"
"Jake Irvin","WSH","SP","Drop","The Old Timers","Mon Jul 28, 2025, 3:19AM","17"
"Francisco Alvarez","NYM","C","Drop","Sasaki Bombs","Fri Jul 18, 2025, 2:58PM","16"
"Miguel Vargas","CHW","1B,3B,OF","Drop","The Old Timers","Fri Jul 18, 2025, 2:04PM","16"
"Jake Meyers","HOU","OF","Drop","Kposer","Mon Jul 14, 2025, 4:36PM","16"
"Wilmer Flores","SF","1B","Drop","Kposer","Mon Jul 14, 2025, 4:34PM","16"
"Mickey Moniak","LAA/COL","OF","Drop","Scotts Tots","Mon Jul 14, 2025, 4:32PM","16"
"Tyler Fitzgerald","SF","2B,SS","Drop","pcorcoran3","Mon Jul 14, 2025, 3:59PM","16"
"Adrian Houser","TEX/CHW/TB","SP,RP","Claim","Sasaki Bombs","Mon Jul 14, 2025, 3:59PM","16"
"Andrew Heaney","PIT/LAD","SP","Drop","Sasaki Bombs","Mon Jul 14, 2025, 3:59PM","16"
"Edward Cabrera","MIA","SP","Drop","Vladdy’s Daycare","Mon Jul 14, 2025, 9:40AM","16"
"Daniel Palencia","CHC","RP","Claim","gochargers","Sun Jul 13, 2025, 7:02PM","16"
"Max Muncy","LAD","3B","Claim","gochargers","Sun Jul 13, 2025, 7:00PM","16"
"Phil Maton","STL/TEX","RP","Drop","gochargers","Sun Jul 13, 2025, 7:00PM","16"
"Lucas Giolito","BOS","SP","Claim","Sasaki Bombs","Mon Jul 7, 2025, 7:16AM","15"
"Max Muncy","LAD","3B","Drop","Sasaki Bombs","Mon Jul 7, 2025, 7:15AM","15"
"Matthew Liberatore","STL","SP,RP","Claim","Hels Bells","Mon Jul 7, 2025, 6:49AM","15"
"Tomoyuki Sugano","BAL","SP","Drop","Hels Bells","Mon Jul 7, 2025, 6:49AM","15"
"Kyle Stowers","MIA","OF","Claim","gochargers","Sun Jul 6, 2025, 7:02PM","15"
"Jake Burger","TEX","1B,3B","Drop","gochargers","Sun Jul 6, 2025, 7:02PM","15"
"Edward Cabrera","MIA","SP","Claim","Vladdy’s Daycare","Sun Jul 6, 2025, 7:00PM","15"
"Will Warren","NYY","SP","Drop","Vladdy’s Daycare","Sun Jul 6, 2025, 7:00PM","15"
"Phil Maton","STL/TEX","RP","Claim","gochargers","Mon Jun 30, 2025, 7:23PM","15"
"Tyler Mahle","TEX","SP","Drop","gochargers","Mon Jun 30, 2025, 7:22PM","15"
"Alejandro Kirk","TOR","C","Claim","Mount My Castle","Mon Jun 30, 2025, 10:48AM","14"
"Ryan Mountcastle","BAL","1B","Drop","Mount My Castle","Mon Jun 30, 2025, 10:47AM","14"
"Jo Adell","LAA","OF","Claim","Hels Bells","Mon Jun 30, 2025, 10:46AM","14"
"Josh Lowe","TB","OF","Drop","Hels Bells","Mon Jun 30, 2025, 10:46AM","14"
"Andrew Heaney","PIT/LAD","SP","Claim","Sasaki Bombs","Mon Jun 30, 2025, 5:31AM","14"
"Shane Smith","CHW","SP,RP","Drop","Sasaki Bombs","Mon Jun 30, 2025, 5:31AM","14"
"Kyle Manzardo","CLE","1B","Drop","Sasaki Bombs","Mon Jun 30, 2025, 5:29AM","14"
"Mickey Moniak","LAA/COL","OF","Claim","Scotts Tots","Sun Jun 29, 2025, 7:01PM","14"
"Dylan Moore","SEA/TEX","1B,2B,3B,SS,OF","Drop","Scotts Tots","Sun Jun 29, 2025, 7:01PM","14"
"Will Warren","NYY","SP","Claim","Vladdy’s Daycare","Sun Jun 29, 2025, 7:00PM","14"
"Brandon Pfaadt","ARI","SP","Drop","Vladdy’s Daycare","Sun Jun 29, 2025, 7:00PM","14"
"Evan Carter","TEX","OF","Claim","Vladdy’s Daycare","Sun Jun 29, 2025, 7:00PM","14"
"Brenton Doyle","COL","OF","Drop","Vladdy’s Daycare","Sun Jun 29, 2025, 7:00PM","14"
"Brandon Pfaadt","ARI","SP","Claim","Vladdy’s Daycare","Mon Jun 23, 2025, 9:49AM","13"
"Bailey Ober","MIN","SP","Drop","Vladdy’s Daycare","Mon Jun 23, 2025, 9:49AM","13"
"Cam Smith","HOU","3B,OF","Claim","gochargers","Sun Jun 22, 2025, 7:03PM","13"
"Evan Carter","TEX","OF","Drop","gochargers","Sun Jun 22, 2025, 7:03PM","13"
"Randy Rodriguez","SF","RP","Claim","pcorcoran3","Sun Jun 22, 2025, 7:00PM","13"
"Chase Burns","CIN","SP,RP","Claim","Scotts Tots","Sun Jun 22, 2025, 7:00PM","13"
"Tylor Megill","NYM","SP","Drop","Scotts Tots","Sun Jun 22, 2025, 7:00PM","13"
"Javier Baez","DET","2B,3B,SS,OF","Claim","pcorcoran3","Sun Jun 22, 2025, 7:00PM","13"
"Brady House","WSH","3B","Claim","Sasaki Bombs","Mon Jun 16, 2025, 8:09AM","12"
"Shane Smith","CHW","SP,RP","Claim","Sasaki Bombs","Mon Jun 16, 2025, 8:09AM","12"
"Tylor Megill","NYM","SP","Claim","Scotts Tots","Sun Jun 15, 2025, 7:47PM","12"
"Spencer Arrighetti","HOU","SP","Drop","Scotts Tots","Sun Jun 15, 2025, 7:47PM","12"
"Evan Carter","TEX","OF","Claim","gochargers","Sun Jun 15, 2025, 7:05PM","12"
"Austin Hays","CIN","OF","Drop","gochargers","Sun Jun 15, 2025, 7:05PM","12"
"Kumar Rocker","TEX","SP","Claim","gochargers","Sun Jun 15, 2025, 7:01PM","12"
"Jacob Misiorowski","MIL","SP,RP","Claim","Vladdy’s Daycare","Sun Jun 15, 2025, 7:00PM","12"
"Lance McCullers Jr.","HOU","SP","Drop","Vladdy’s Daycare","Sun Jun 15, 2025, 7:00PM","12"
"Jameson Taillon","CHC","SP","Claim","Kposer","Sun Jun 15, 2025, 7:00PM","12"
"Jorge Soler","LAA","OF,UT","Drop","Kposer","Sun Jun 15, 2025, 7:00PM","12"
"Kyle Stowers","MIA","OF","Drop","gochargers","Sun Jun 15, 2025, 1:21PM","12"
"Zack Littell","TB/CIN","SP","Claim","Hels Bells","Mon Jun 9, 2025, 1:58PM","11"
"Andre Pallante","STL","SP,RP","Drop","Hels Bells","Mon Jun 9, 2025, 1:58PM","11"
"Tyler Rogers","SF/NYM","RP","Claim","Hels Bells","Mon Jun 9, 2025, 1:56PM","11"
"Corbin Burnes","ARI","SP","Drop","Hels Bells","Mon Jun 9, 2025, 1:55PM","11"
"Carlos Santana","CLE/CHC","1B","Claim","Mount My Castle","Mon Jun 9, 2025, 1:12PM","11"
"Louis Varland","MIN/TOR","SP,RP","Claim","Mount My Castle","Mon Jun 9, 2025, 1:12PM","11"
"Jake Meyers","HOU","OF","Claim","Kposer","Mon Jun 9, 2025, 7:31AM","11"
"Gabriel Arias","CLE","2B,3B,SS","Drop","Kposer","Mon Jun 9, 2025, 7:31AM","11"
"Max Meyer","MIA","SP","Drop","Sasaki Bombs","Mon Jun 9, 2025, 6:29AM","11"
"Jeff Hoffman","TOR","RP","Claim","Scotts Tots","Sun Jun 8, 2025, 8:10PM","11"
"Zebby Matthews","MIN","SP","Drop","Scotts Tots","Sun Jun 8, 2025, 8:10PM","11"
"Aroldis Chapman","BOS","RP","Claim","Scotts Tots","Sun Jun 8, 2025, 8:07PM","11"
"Brandon Pfaadt","ARI","SP","Drop","Scotts Tots","Sun Jun 8, 2025, 8:07PM","11"
"Adolis Garcia","TEX","OF","Claim","Vladdy’s Daycare","Sun Jun 8, 2025, 7:27PM","11"
"Lance McCullers Jr.","HOU","SP","Claim","Vladdy’s Daycare","Sun Jun 8, 2025, 7:00PM","11"
"Nick Kurtz","ATH","1B","Claim","Scotts Tots","Sun Jun 8, 2025, 7:00PM","11"
"Logan Henderson","MIL","SP","Drop","Scotts Tots","Sat Jun 7, 2025, 1:09PM","11"
"Trey Sweeney","DET","SS","Drop","Scotts Tots","Sat Jun 7, 2025, 4:50AM","11"
"Matthew Liberatore","STL","SP,RP","Drop","Vladdy’s Daycare","Fri Jun 6, 2025, 11:21AM","11"
"Ronny Mauricio","NYM","2B,3B","Claim","Sasaki Bombs","Tue Jun 3, 2025, 7:31AM","11"
"Kameron Misner","TB","OF","Drop","Sasaki Bombs","Tue Jun 3, 2025, 7:31AM","11"
"Reed Garrett","NYM","RP","Claim","Sasaki Bombs","Mon Jun 2, 2025, 5:32AM","10"
"AJ Smith-Shawver","ATL","SP","Drop","Sasaki Bombs","Mon Jun 2, 2025, 5:29AM","10"
"Josh Lowe","TB","OF","Claim","Hels Bells","Sun Jun 1, 2025, 7:38PM","10"
"Adolis Garcia","TEX","OF","Drop","Hels Bells","Sun Jun 1, 2025, 7:38PM","10"
"Noah Cameron","KC","SP","Claim","Hels Bells","Sun Jun 1, 2025, 7:29PM","10"
"Ryan Walker","SF","RP","Drop","Hels Bells","Sun Jun 1, 2025, 7:29PM","10"
"Ranger Suarez","PHI","SP","Claim","Vladdy’s Daycare","Sun Jun 1, 2025, 7:00PM","10"
"Jac Caglianone","KC","1B,OF","Claim","Kposer","Sun Jun 1, 2025, 7:00PM","10"
"Trey Sweeney","DET","SS","Claim","Scotts Tots","Mon May 26, 2025, 8:52AM","9"
"Gunnar Hoglund","ATH","SP","Drop","Scotts Tots","Mon May 26, 2025, 8:52AM","9"
"Miguel Vargas","CHW","1B,3B,OF","Claim","The Old Timers","Mon May 26, 2025, 8:45AM","9"
"Zack Gelof","ATH","2B","Drop","The Old Timers","Mon May 26, 2025, 8:44AM","9"
"Nolan Schanuel","LAA","1B","Claim","The Old Timers","Mon May 26, 2025, 8:43AM","9"
"Christopher Morel","TB","2B,3B,OF","Drop","The Old Timers","Mon May 26, 2025, 8:43AM","9"
"Shane McClanahan","TB","SP","Drop","Sasaki Bombs","Sun May 25, 2025, 9:52PM","9"
"Logan Henderson","MIL","SP","Claim","Scotts Tots","Sun May 25, 2025, 7:00PM","9"
"Tim Elko","CHW","1B","Drop","Scotts Tots","Sun May 25, 2025, 7:00PM","9"
"Brendan Donovan","STL","2B,OF","Claim","gochargers","Sun May 25, 2025, 7:00PM","9"
"Javier Baez","DET","2B,3B,SS,OF","Drop","gochargers","Sun May 25, 2025, 7:00PM","9"
"Ben Joyce","LAA","RP","Drop","Kposer","Tue May 20, 2025, 7:14AM","9"
"Jose Caballero","TB/NYY","2B,3B,SS,OF","Claim","Hels Bells","Mon May 19, 2025, 2:40PM","8"
"Wilmer Flores","SF","1B","Claim","Kposer","Mon May 19, 2025, 7:48AM","8"
"Jesus Sanchez","MIA/HOU","OF","Drop","Kposer","Mon May 19, 2025, 7:48AM","8"
"Max Muncy","LAD","3B","Claim","Sasaki Bombs","Mon May 19, 2025, 6:44AM","8"
"Jackson Jobe","DET","SP,RP","Drop","Sasaki Bombs","Mon May 19, 2025, 6:43AM","8"
"Camilo Doval","SF/NYY","RP","Claim","Sasaki Bombs","Mon May 19, 2025, 6:42AM","8"
"Chris Martin","TEX","RP","Drop","Sasaki Bombs","Mon May 19, 2025, 6:42AM","8"
"Gavin Sheets","SD","1B,OF","Claim","The Old Timers","Mon May 19, 2025, 3:21AM","8"
"Tyler Anderson","LAA","SP","Claim","The Old Timers","Mon May 19, 2025, 3:17AM","8"
"Jake Irvin","WSH","SP","Claim","The Old Timers","Mon May 19, 2025, 3:15AM","8"
"Tanner Houck","BOS","SP","Drop","The Old Timers","Mon May 19, 2025, 3:14AM","8"
"Reynaldo Lopez","ATL","SP","Drop","The Old Timers","Mon May 19, 2025, 3:14AM","8"
"Jake Fraley","CIN/ATL","OF","Drop","The Old Timers","Mon May 19, 2025, 3:10AM","8"
"Abner Uribe","MIL","RP","Claim","gochargers","Sun May 18, 2025, 7:20PM","8"
"Nick Kurtz","ATH","1B","Drop","gochargers","Sun May 18, 2025, 7:20PM","8"
"AJ Smith-Shawver","ATL","SP","Claim","Sasaki Bombs","Sun May 18, 2025, 7:00PM","8"
"Richard Fitts","BOS","SP","Drop","Sasaki Bombs","Sun May 18, 2025, 7:00PM","8"
"Zebby Matthews","MIN","SP","Claim","Scotts Tots","Sun May 18, 2025, 7:00PM","8"
"Ryan Gusto","HOU/MIA","SP,RP","Drop","Scotts Tots","Sun May 18, 2025, 7:00PM","8"
"Kyle Manzardo","CLE","1B","Claim","Sasaki Bombs","Sun May 18, 2025, 7:00PM","8"
"Zach McKinstry","DET","3B,SS,OF","Drop","Sasaki Bombs","Sun May 18, 2025, 7:00PM","8"
"Matthew Boyd","CHC","SP","Claim","Vladdy’s Daycare","Sun May 18, 2025, 7:00PM","8"
"Tony Gonsolin","LAD","SP","Drop","Vladdy’s Daycare","Sun May 18, 2025, 7:00PM","8"
"Gavin Williams","CLE","SP","Claim","Scotts Tots","Sun May 18, 2025, 7:00PM","8"
"Dustin May","LAD/BOS","SP","Drop","Scotts Tots","Sun May 18, 2025, 7:00PM","8"
"Hyeseong Kim","LAD","2B,SS,OF","Claim","Sasaki Bombs","Sun May 18, 2025, 7:00PM","8"
"Chase Meidroth","CHW","2B,3B,SS","Drop","Sasaki Bombs","Sun May 18, 2025, 7:00PM","8"
"Javier Baez","DET","2B,3B,SS,OF","Claim","gochargers","Sun May 18, 2025, 7:00PM","8"
"Kumar Rocker","TEX","SP","Drop","gochargers","Sun May 18, 2025, 7:00PM","8"
"Brendan Donovan","STL","2B,OF","Drop","Vladdy’s Daycare","Sun May 18, 2025, 2:29PM","8"
"Jeff Hoffman","TOR","RP","Drop","gochargers","Tue May 13, 2025, 8:26PM","8"
"Tim Elko","CHW","1B","Claim","Scotts Tots","Mon May 12, 2025, 7:48AM","7"
"Keibert Ruiz","WSH","C","Drop","Scotts Tots","Mon May 12, 2025, 7:48AM","7"
"Trent Grisham","NYY","OF","Claim","The Old Timers","Mon May 12, 2025, 3:26AM","7"
"Jake Fraley","CIN/ATL","OF","Lineup Change","The Old Timers","Mon May 12, 2025, 3:26AM","7"
"Carson Kelly","CHC","C","Claim","Hels Bells","Sun May 11, 2025, 7:49PM","7"
"Alejandro Kirk","TOR","C","Drop","Hels Bells","Sun May 11, 2025, 7:49PM","7"
"Matthew Liberatore","STL","SP,RP","Claim","Vladdy’s Daycare","Sun May 11, 2025, 7:00PM","7"
"Lucas Giolito","BOS","SP","Drop","Vladdy’s Daycare","Sun May 11, 2025, 7:00PM","7"
"Ryan O'Hearn","BAL/SD","1B,OF","Claim","Scotts Tots","Sun May 11, 2025, 7:00PM","7"
"Noelvi Marte","CIN","3B,OF","Drop","Scotts Tots","Sun May 11, 2025, 7:00PM","7"
"Cam Smith","HOU","3B,OF","Drop","Vladdy’s Daycare","Sat May 10, 2025, 10:04AM","7"
"Chase Meidroth","CHW","2B,3B,SS","Claim","Sasaki Bombs","Mon May 5, 2025, 7:06AM","6"
"Triston Casas","BOS","1B","Drop","Sasaki Bombs","Mon May 5, 2025, 6:27AM","6"
"Jeff Hoffman","TOR","RP","Claim","gochargers","Mon May 5, 2025, 5:01AM","6"
"Yennier Cano","BAL","RP","Drop","gochargers","Mon May 5, 2025, 5:01AM","6"
"Kyle Stowers","MIA","OF","Claim","gochargers","Mon May 5, 2025, 4:55AM","6"
"Eduardo Rodriguez","ARI","SP","Drop","gochargers","Mon May 5, 2025, 4:50AM","6"
"Tomoyuki Sugano","BAL","SP","Claim","Hels Bells","Sun May 4, 2025, 9:59PM","6"
"Nestor Cortes Jr.","MIL/SD","SP","Drop","pcorcoran3","Sun May 4, 2025, 9:57PM","6"
"Max Muncy","LAD","3B","Drop","Hels Bells","Sun May 4, 2025, 9:56PM","6"
"Tony Gonsolin","LAD","SP","Claim","Vladdy’s Daycare","Sun May 4, 2025, 7:00PM","6"
"Casey Mize","DET","SP","Drop","Vladdy’s Daycare","Sun May 4, 2025, 7:00PM","6"
"Lucas Giolito","BOS","SP","Claim","Vladdy’s Daycare","Sun May 4, 2025, 7:00PM","6"
"Gavin Williams","CLE","SP","Drop","Vladdy’s Daycare","Sun May 4, 2025, 7:00PM","6"
"Ryan Gusto","HOU/MIA","SP,RP","Claim","Scotts Tots","Sun May 4, 2025, 7:00PM","6"
"Luke Jackson","TEX/DET/SEA","RP","Drop","Scotts Tots","Sun May 4, 2025, 7:00PM","6"
"Brendan Donovan","STL","2B,OF","Claim","Vladdy’s Daycare","Sun May 4, 2025, 7:00PM","6"
"Matt Wallner","MIN","OF","Drop","Vladdy’s Daycare","Sun May 4, 2025, 7:00PM","6"
"Gunnar Hoglund","ATH","SP","Claim","Scotts Tots","Sun May 4, 2025, 7:00PM","6"
"Landen Roupp","SF","SP,RP","Drop","Scotts Tots","Sun May 4, 2025, 7:00PM","6"
"Jordan Beck","COL","OF","Claim","Kposer","Mon Apr 28, 2025, 7:19AM","5"
"Noelvi Marte","CIN","3B,OF","Claim","Scotts Tots","Sun Apr 27, 2025, 7:48PM","5"
"Kyren Paris","LAA","2B,OF","Drop","Scotts Tots","Sun Apr 27, 2025, 7:48PM","5"
"Agustin Ramirez","MIA","C,1B","Claim","Vladdy’s Daycare","Sun Apr 27, 2025, 7:00PM","5"
"Gabriel Moreno","ARI","C","Drop","Vladdy’s Daycare","Sun Apr 27, 2025, 7:00PM","5"
"Chandler Simpson","TB","OF","Claim","Sasaki Bombs","Sun Apr 27, 2025, 7:00PM","5"
"Brendan Donovan","STL","2B,OF","Drop","Sasaki Bombs","Sun Apr 27, 2025, 7:00PM","5"
"Ezequiel Tovar","COL","SS","Claim","Vladdy’s Daycare","Sun Apr 27, 2025, 7:00PM","5"
"Hayden Wesneski","HOU","SP,RP","Drop","Vladdy’s Daycare","Sun Apr 27, 2025, 7:00PM","5"
"Hayden Wesneski","HOU","SP,RP","Claim","Vladdy’s Daycare","Mon Apr 21, 2025, 10:07AM","4"
"Joey Ortiz","MIL","3B,SS","Drop","Vladdy’s Daycare","Mon Apr 21, 2025, 10:07AM","4"
"Jake McCarthy","ARI","OF","Drop","Kposer","Mon Apr 21, 2025, 7:40AM","4"
"Grant Holmes","ATL","SP,RP","Claim","Scotts Tots","Sun Apr 20, 2025, 7:47PM","4"
"Zebby Matthews","MIN","SP","Drop","Scotts Tots","Sun Apr 20, 2025, 7:47PM","4"
"Tyler Mahle","TEX","SP","Claim","gochargers","Sun Apr 20, 2025, 7:00PM","4"
"Kameron Misner","TB","OF","Claim","Sasaki Bombs","Sun Apr 20, 2025, 7:00PM","4"
"Zac Veen","COL","OF","Drop","Sasaki Bombs","Sun Apr 20, 2025, 7:00PM","4"
"Austin Hays","CIN","OF","Claim","gochargers","Sun Apr 20, 2025, 7:00PM","4"
"Ezequiel Tovar","COL","SS","Drop","gochargers","Sun Apr 20, 2025, 5:12PM","4"
"A.J. Puk","ARI","RP","Drop","gochargers","Sun Apr 20, 2025, 5:08PM","4"
"Gabriel Arias","CLE","2B,3B,SS","Claim","Kposer","Mon Apr 14, 2025, 10:24AM","3"
"Alex Vesia","LAD","RP","Claim","Sasaki Bombs","Mon Apr 14, 2025, 9:49AM","3"
"Kirby Yates","LAD","RP","Drop","Sasaki Bombs","Mon Apr 14, 2025, 9:49AM","3"
"Zach McKinstry","DET","3B,SS,OF","Claim","Sasaki Bombs","Mon Apr 14, 2025, 9:42AM","3"
"Christian Encarnacion-Strand","CIN","1B","Drop","Sasaki Bombs","Mon Apr 14, 2025, 9:42AM","3"
"Jacob Wilson","ATH","SS","Claim","gochargers","Mon Apr 14, 2025, 2:51AM","3"
"Michael Conforto","LAD","OF","Drop","gochargers","Mon Apr 14, 2025, 2:51AM","3"
"Jose Soriano","LAA","SP","Claim","Hels Bells","Sun Apr 13, 2025, 9:53PM","3"
"Ranger Suarez","PHI","SP","Drop","Hels Bells","Sun Apr 13, 2025, 9:50PM","3"
"Jonathan Aranda","TB","1B","Claim","Hels Bells","Sun Apr 13, 2025, 9:48PM","3"
"Trevor Megill","MIL","RP","Drop","Hels Bells","Sun Apr 13, 2025, 9:47PM","3"
"Andre Pallante","STL","SP,RP","Claim","Hels Bells","Sun Apr 13, 2025, 9:41PM","3"
"Pavin Smith","ARI","1B,OF","Claim","Hels Bells","Sun Apr 13, 2025, 9:38PM","3"
"Jorge Polanco","SEA","2B","Claim","Hels Bells","Sun Apr 13, 2025, 9:36PM","3"
"Jose Caballero","TB/NYY","2B,3B,SS,OF","Drop","Hels Bells","Sun Apr 13, 2025, 9:35PM","3"
"Luke Jackson","TEX/DET/SEA","RP","Claim","Scotts Tots","Sun Apr 13, 2025, 7:29PM","3"
"Nick Martinez","CIN","SP,RP","Drop","Scotts Tots","Sun Apr 13, 2025, 7:29PM","3"
"Zebby Matthews","MIN","SP","Claim","Scotts Tots","Sun Apr 13, 2025, 7:28PM","3"
"Hayden Birdsong","SF","SP,RP","Drop","Scotts Tots","Sun Apr 13, 2025, 7:28PM","3"
"Kyren Paris","LAA","2B,OF","Claim","Scotts Tots","Sun Apr 13, 2025, 7:00PM","3"
"Otto Lopez","MIA","2B,SS","Drop","Scotts Tots","Sun Apr 13, 2025, 7:00PM","3"
"Casey Mize","DET","SP","Claim","Vladdy’s Daycare","Sun Apr 13, 2025, 7:00PM","3"
"Kyle Freeland","COL","SP","Drop","Vladdy’s Daycare","Sun Apr 13, 2025, 7:00PM","3"
"Jonah Heim","TEX","C","Claim","pcorcoran3","Sun Apr 13, 2025, 7:00PM","3"
"Jurickson Profar","ATL","OF","Drop","pcorcoran3","Sun Apr 13, 2025, 11:46AM","3"
"Joey Ortiz","MIL","3B,SS","Claim","Vladdy’s Daycare","Mon Apr 7, 2025, 9:01AM","2"
"Jacob Wilson","ATH","SS","Drop","Vladdy’s Daycare","Mon Apr 7, 2025, 9:01AM","2"
"Chris Martin","TEX","RP","Claim","Sasaki Bombs","Mon Apr 7, 2025, 7:46AM","2"
"Justin Slaten","BOS","RP","Drop","Sasaki Bombs","Mon Apr 7, 2025, 7:46AM","2"
"Max Meyer","MIA","SP","Claim","Sasaki Bombs","Mon Apr 7, 2025, 7:42AM","2"
"Sean Burke","CHW","SP,RP","Drop","Sasaki Bombs","Mon Apr 7, 2025, 7:42AM","2"
"Zac Veen","COL","OF","Claim","Sasaki Bombs","Mon Apr 7, 2025, 7:41AM","2"
"Josh Lowe","TB","OF","Drop","Sasaki Bombs","Mon Apr 7, 2025, 7:40AM","2"
"Jake Mangum","TB","OF","Claim","Kposer","Mon Apr 7, 2025, 7:30AM","2"
"Connor Wong","BOS","C","Drop","Kposer","Mon Apr 7, 2025, 7:30AM","2"
"Kris Bubic","KC","SP,RP","Claim","Kposer","Mon Apr 7, 2025, 7:28AM","2"
"Gabriel Moreno","ARI","C","Claim","Vladdy’s Daycare","Mon Apr 7, 2025, 5:55AM","2"
"Robert Suarez","SD","RP","Claim","pcorcoran3","Mon Apr 7, 2025, 5:46AM","2"
"Jack Leiter","TEX","SP","Claim","pcorcoran3","Mon Apr 7, 2025, 5:32AM","2"
"Alejandro Kirk","TOR","C","Claim","Hels Bells","Sun Apr 6, 2025, 8:39PM","2"
"Ryan Jeffers","MIN","C","Drop","Hels Bells","Sun Apr 6, 2025, 8:39PM","2"
"Michael Conforto","LAD","OF","Claim","gochargers","Sun Apr 6, 2025, 7:09PM","2"
"Kyle Manzardo","CLE","1B","Drop","gochargers","Sun Apr 6, 2025, 7:09PM","2"
"Landen Roupp","SF","SP,RP","Claim","Scotts Tots","Sun Apr 6, 2025, 7:00PM","2"
"Andrew Painter","PHI","SP","Drop","Scotts Tots","Sun Apr 6, 2025, 7:00PM","2"
"Jacob Wilson","ATH","SS","Claim","Vladdy’s Daycare","Sun Apr 6, 2025, 7:00PM","2"
"Otto Lopez","MIA","2B,SS","Claim","Scotts Tots","Sun Apr 6, 2025, 7:00PM","2"
"Evan Carter","TEX","OF","Drop","Scotts Tots","Sun Apr 6, 2025, 7:00PM","2"
"Kyle Freeland","COL","SP","Claim","Vladdy’s Daycare","Sun Apr 6, 2025, 7:00PM","2"
"Keibert Ruiz","WSH","C","Claim","Scotts Tots","Sun Apr 6, 2025, 7:00PM","2"
"Joey Bart","PIT","C","Drop","Scotts Tots","Sun Apr 6, 2025, 7:00PM","2"
"Geraldo Perdomo","ARI","SS","Claim","Vladdy’s Daycare","Sun Apr 6, 2025, 7:00PM","2"
"J.P. Crawford","SEA","SS","Drop","Vladdy’s Daycare","Sun Apr 6, 2025, 7:00PM","2"
"Hunter Goodman","COL","C,OF","Claim","Scotts Tots","Sun Apr 6, 2025, 7:00PM","2"
"Connor Norby","MIA","3B","Drop","Scotts Tots","Sun Apr 6, 2025, 7:00PM","2"
"Max Scherzer","TOR","SP","Drop","Vladdy’s Daycare","Sun Apr 6, 2025, 8:10AM","2"
"Kyle Manzardo","CLE","1B","Claim","gochargers","Mon Mar 31, 2025, 8:46AM","2"
"Hayden Birdsong","SF","SP,RP","Claim","Scotts Tots","Fri Mar 28, 2025, 9:24PM","2"
"Kyle Harrison","SF/BOS","SP,RP","Drop","Scotts Tots","Fri Mar 28, 2025, 9:24PM","2"
"Jameson Taillon","CHC","SP","Drop","We <3 PEDs","Thu Mar 27, 2025, 2:08PM","2"
"Luis Rengifo","LAA","2B,3B,OF","Drop","We <3 PEDs","Thu Mar 27, 2025, 2:07PM","2"
"Eduardo Rodriguez","ARI","SP","Claim","gochargers","Thu Mar 27, 2025, 11:16AM","1"
"Ben Joyce","LAA","RP","Claim","Kposer","Thu Mar 27, 2025, 10:30AM","1"
"Spencer Torkelson","DET","1B","Claim","Scotts Tots","Thu Mar 27, 2025, 8:27AM","1"
"Dustin May","LAD/BOS","SP","Claim","Scotts Tots","Thu Mar 27, 2025, 8:25AM","1"
"Drake Baldwin","ATL","C","Claim","gochargers","Wed Mar 26, 2025, 1:44PM","1"
"Jacob Wilson","ATH","SS","Drop","gochargers","Wed Mar 26, 2025, 1:44PM","1"
"Andy Pages","LAD","OF","Claim","Mount My Castle","Wed Mar 26, 2025, 7:16AM","1"
"DJ Herz","WSH","SP","Drop","Mount My Castle","Wed Mar 26, 2025, 7:12AM","1"
"Andrew Abbott","CIN","SP","Claim","Sasaki Bombs","Tue Mar 25, 2025, 10:25AM","1"
"Ben Rice","NYY","C,1B","Claim","Sasaki Bombs","Tue Mar 25, 2025, 10:22AM","1"
"Nick Kurtz","ATH","1B","Claim","gochargers","Tue Mar 25, 2025, 7:25AM","1"
"Justin Slaten","BOS","RP","Claim","Sasaki Bombs","Tue Mar 25, 2025, 7:18AM","1"
"Robert Suarez","SD","RP","Drop","Sasaki Bombs","Tue Mar 25, 2025, 7:18AM","1"
"Luis Gil","NYY","SP","Drop","Scotts Tots","Sun Mar 23, 2025, 8:43PM","1"
"Andrew Painter","PHI","SP","Claim","Scotts Tots","Sun Mar 23, 2025, 8:39PM","1"
"Luis Gil","NYY","SP","Claim","Scotts Tots","Sun Mar 23, 2025, 8:39PM","1"
"Yennier Cano","BAL","RP","Claim","gochargers","Sun Mar 23, 2025, 7:11PM","1"
"J.P. Crawford","SEA","SS","Claim","Vladdy’s Daycare","Sun Mar 23, 2025, 7:00PM","1"
"Matt Wallner","MIN","OF","Claim","Vladdy’s Daycare","Sun Mar 23, 2025, 7:00PM","1"
"Max Scherzer","TOR","SP","Claim","Vladdy’s Daycare","Sun Mar 23, 2025, 7:00PM","1"
"Richard Fitts","BOS","SP","Claim","Sasaki Bombs","Sun Mar 23, 2025, 7:00PM","1"
"Cam Smith","HOU","3B,OF","Claim","Vladdy’s Daycare","Sun Mar 23, 2025, 7:00PM","1"
"Jasson Dominguez","NYY","OF","Claim","Short Porch Soldiers","Sat Mar 15, 2025, 3:33PM","1"
