"*03pir*",1,1,1,"OF","Kyle Tucker","HOU","gochargers","Mar 18, 2024 6:00:25"
"*03pom*",1,2,2,"3B","Austin Riley","ATL","pcorcoran3","Mar 18, 2024 6:00:43"
"*05r8n*",1,3,3,"SP","Yoshinobu Yamamoto","LAD","jackdoriss11","Mar 18, 2024 6:01:01"
"*03cag*",1,4,4,"OF","Kyle Schwarber","PHI","Verlander and Morton's Retirement Home","Mar 18, 2024 6:01:41"
"*042sz*",1,5,5,"C","Will Smith","LAD","Freddie","Mar 18, 2024 6:01:46"
"*041rd*",1,6,6,"SP","Corbin Burnes","BAL","OnlyDans","Mar 18, 2024 6:02:48"
"*04aq4*",1,7,7,"OF","Adolis Garcia","TEX","sheridan","Mar 18, 2024 6:03:05"
"*01ual*",1,8,8,"1B","Paul Goldschmidt","STL","Kposer","Mar 18, 2024 6:03:27"
"*01sb3*",1,9,9,"SP","Zack Wheeler","PHI","We <3 PEDs","Mar 18, 2024 6:04:08"
"*03nuc*",1,10,10,"SP","Luis Castillo","SEA","FIRE OLI","Mar 18, 2024 6:05:03"
"*060pm*",1,11,11,"OF","Wyatt Langford","TEX","Scotts Tots","Mar 18, 2024 6:05:45"
"*05m1e*",1,12,12,"OF","Jackson Chourio","MIL","The Schwarbombers","Mar 18, 2024 6:06:05"
"*03dc4*",2,1,13,"SP","Freddy Peralta","MIL","gochargers","Mar 18, 2024 6:06:22"
"*03dbm*",2,2,14,"SP","Logan Webb","SF","pcorcoran3","Mar 18, 2024 6:06:32"
"*040b5*",2,3,15,"OF","Randy Arozarena","TB","jackdoriss11","Mar 18, 2024 6:06:53"
"*041r1*",2,4,16,"SP","Jesus Luzardo","MIA","gochargers","Mar 18, 2024 6:07:15"
"*0512e*",2,5,17,"1B","Spencer Steer","CIN","Freddie","Mar 18, 2024 6:07:24"
"*04ptt*",2,6,18,"SP","Tarik Skubal","DET","OnlyDans","Mar 18, 2024 6:07:26"
"*03df2*",2,7,19,"SP","Dylan Cease","SD","sheridan","Mar 18, 2024 6:07:56"
"*0326s*",2,8,20,"2B","Ketel Marte","ARI","Kposer","Mar 18, 2024 6:08:01"
"*041q6*",2,9,21,"OF","Nolan Jones","COL","We <3 PEDs","Mar 18, 2024 6:08:56"
"*04yk2*",2,10,22,"1B","Spencer Torkelson","DET","FIRE OLI","Mar 18, 2024 6:09:37"
"*041ma*",2,11,23,"SP","Cole Ragans","KC","Scotts Tots","Mar 18, 2024 6:10:30"
"*05mdt*",2,12,24,"OF","Evan Carter","TEX","The Schwarbombers","Mar 18, 2024 6:10:41"
"*02xic*",3,1,25,"OF","Teoscar Hernandez","LAD","gochargers","Mar 18, 2024 6:11:36"
"*04pkr*",3,2,26,"2B","Nico Hoerner","CHC","pcorcoran3","Mar 18, 2024 6:12:23"
"*02mzg*",3,3,27,"3B","Max Muncy","LAD","jackdoriss11","Mar 18, 2024 6:12:45"
"*02n96*",3,4,28,"RP","Josh Hader","HOU","Verlander and Morton's Retirement Home","Mar 18, 2024 6:13:12"
"*",3,5,29,"","","","","Mar 18, 2024 6:13:12"
"*04ps7*",3,6,30,"SP","Joe Ryan","MIN","OnlyDans","Mar 18, 2024 6:13:15"
"*025i9*",3,7,31,"C","J.T. Realmuto","PHI","sheridan","Mar 18, 2024 6:13:37"
"*04my4*",3,8,32,"C","Cal Raleigh","SEA","Kposer","Mar 18, 2024 6:14:04"
"*",3,9,33,"","","","","Mar 18, 2024 6:14:04"
"*03dbo*",3,10,34,"SP","Jordan Montgomery","(N/A)","Verlander and Morton's Retirement Home","Mar 18, 2024 6:15:06"
"*03aac*",3,11,35,"SP","Walker Buehler","LAD","Scotts Tots","Mar 18, 2024 6:15:57"
"*02mwq*",3,12,36,"SP","Zach Eflin","TB","The Schwarbombers","Mar 18, 2024 6:16:58"
"*05xor*",4,1,37,"1B","Christian Encarnacion-Strand","CIN","Scotts Tots","Mar 18, 2024 6:17:51"
"*",4,2,38,"","","","","Mar 18, 2024 6:17:51"
"*025dn*",4,3,39,"OF","Christian Yelich","MIL","jackdoriss11","Mar 18, 2024 6:18:09"
"*01usi*",4,4,40,"UT","Marcell Ozuna","ATL","Verlander and Morton's Retirement Home","Mar 18, 2024 6:18:24"
"*03qjy*",4,5,41,"2B","Brandon Lowe","TB","Freddie","Mar 18, 2024 6:18:35"
"*045qo*",4,6,42,"OF","Jazz Chisholm Jr.","MIA","OnlyDans","Mar 18, 2024 6:18:37"
"*04p10*",4,7,43,"MI","Bryson Stott","PHI","sheridan","Mar 18, 2024 6:19:26"
"*03qr0*",4,8,44,"OF","Cedric Mullins","BAL","Kposer","Mar 18, 2024 6:19:36"
"*01uc9*",4,9,45,"OF","Nick Castellanos","PHI","We <3 PEDs","Mar 18, 2024 6:20:10"
"*025he*",4,10,46,"OF","George Springer","TOR","FIRE OLI","Mar 18, 2024 6:21:12"
"*041ah*",4,11,47,"OF","Josh Lowe","TB","Scotts Tots","Mar 18, 2024 6:22:11"
"*",4,12,48,"","","","","Mar 18, 2024 6:22:11"
"*",5,1,49,"","","","","Mar 18, 2024 6:22:12"
"*04k0w*",5,2,50,"RP","Camilo Doval","SF","pcorcoran3","Mar 18, 2024 6:23:13"
"*03qqf*",5,3,51,"RP","Alexis Diaz","CIN","jackdoriss11","Mar 18, 2024 6:23:38"
"*",5,4,52,"","","","","Mar 18, 2024 6:23:38"
"*",5,5,53,"","","","","Mar 18, 2024 6:23:39"
"*04ug5*",5,6,54,"RP","Emmanuel Clase","CLE","OnlyDans","Mar 18, 2024 6:23:42"
"*02i11*",5,7,55,"UT","Jorge Soler","SF","sheridan","Mar 18, 2024 6:24:07"
"*",5,8,56,"","","","","Mar 18, 2024 6:24:08"
"*03pzn*",5,9,57,"2B","Andres Gimenez","CLE","We <3 PEDs","Mar 18, 2024 6:24:25"
"*03pon*",5,10,58,"SP","Triston McKenzie","CLE","FIRE OLI","Mar 18, 2024 6:24:40"
"*04y9p*",5,11,59,"SS","Anthony Volpe","NYY","gochargers","Mar 18, 2024 6:25:08"
"*",5,12,60,"","","","","Mar 18, 2024 6:25:08"
"*02mwk*",6,1,61,"SP","Jose Berrios","TOR","gochargers","Mar 18, 2024 6:26:03"
"*04esz*",6,2,62,"OF","Chas McCormick","HOU","pcorcoran3","Mar 18, 2024 6:26:08"
"*05144*",6,3,63,"SP","Hunter Brown","HOU","jackdoriss11","Mar 18, 2024 6:26:12"
"*03atq*",6,4,64,"SS","Willy Adames","MIL","Verlander and Morton's Retirement Home","Mar 18, 2024 6:26:43"
"*",6,5,65,"","","","","Mar 18, 2024 6:26:43"
"*04apj*",6,6,66,"RP","Jhoan Duran","MIN","OnlyDans","Mar 18, 2024 6:26:46"
"*01uca*",6,7,67,"SP","Chris Sale","ATL","sheridan","Mar 18, 2024 6:27:02"
"*",6,8,68,"","","","","Mar 18, 2024 6:27:02"
"*0524l*",6,9,69,"C","Yainer Diaz","HOU","We <3 PEDs","Mar 18, 2024 6:27:53"
"*045kb*",6,10,70,"SP","Cristian Javier","HOU","FIRE OLI","Mar 18, 2024 6:28:09"
"*",6,11,71,"","","","","Mar 18, 2024 6:28:10"
"*05184*",6,12,72,"1B","Vinnie Pasquantino","KC","The Schwarbombers","Mar 18, 2024 6:28:57"
"*03de9*",7,1,73,"1B","Rhys Hoskins","MIL","gochargers","Mar 18, 2024 6:29:07"
"*05rc3*",7,2,74,"OF","Masataka Yoshida","BOS","pcorcoran3","Mar 18, 2024 6:30:05"
"*05vy6*",7,3,75,"SP","Bryce Miller","SEA","jackdoriss11","Mar 18, 2024 6:30:14"
"*03di6*",7,4,76,"RP","Jordan Romano","TOR","Verlander and Morton's Retirement Home","Mar 18, 2024 6:30:21"
"*",7,5,77,"","","","","Mar 18, 2024 6:30:21"
"*03nmw*",7,6,78,"OF","Ian Happ","CHC","OnlyDans","Mar 18, 2024 6:30:24"
"*01ut7*",7,7,79,"SP","Nathan Eovaldi","TEX","sheridan","Mar 18, 2024 6:30:45"
"*",7,8,80,"","","","","Mar 18, 2024 6:30:45"
"*03aay*",7,9,81,"2B","Thairo Estrada","SF","We <3 PEDs","Mar 18, 2024 6:31:20"
"*041wv*",7,10,82,"RP","Michael King","SD","FIRE OLI","Mar 18, 2024 6:32:08"
"*04pq4*",7,11,83,"SP","Kyle Bradish","BAL","Scotts Tots","Mar 18, 2024 6:33:10"
"*05xch*",7,12,84,"3B","Junior Caminero","TB","Scotts Tots","Mar 18, 2024 6:34:12"
"*05ua7*",8,1,85,"SS","Jackson Merrill","SD","Scotts Tots","Mar 18, 2024 6:34:19"
"*",8,2,86,"","","","","Mar 18, 2024 6:34:19"
"*05ge9*",8,3,87,"SP","Shota Imanaga","CHC","jackdoriss11","Mar 18, 2024 6:34:25"
"*0406v*",8,4,88,"OF","Esteury Ruiz","OAK","Verlander and Morton's Retirement Home","Mar 18, 2024 6:34:45"
"*",8,5,89,"","","","","Mar 18, 2024 6:34:46"
"*045gu*",8,6,90,"OF","TJ Friedl","CIN","OnlyDans","Mar 18, 2024 6:34:48"
"*04071*",8,7,91,"3B","Isaac Paredes","TB","sheridan","Mar 18, 2024 6:34:58"
"*03aqv*",8,8,92,"RP","Raisel Iglesias","ATL","Kposer","Mar 18, 2024 6:35:04"
"*02n2x*",8,9,93,"RP","Paul Sewald","ARI","We <3 PEDs","Mar 18, 2024 6:35:37"
"*041z2*",8,10,94,"OF","Jack Suwinski","PIT","FIRE OLI","Mar 18, 2024 6:35:48"
"*05wru*",8,11,95,"SP","Paul Skenes","PIT","Scotts Tots","Mar 18, 2024 6:36:41"
"*0425t*",8,12,96,"SP","Bailey Ober","MIN","The Schwarbombers","Mar 18, 2024 6:37:37"
"*04psu*",9,1,97,"OF","James Outman","LAD","gochargers","Mar 18, 2024 6:38:13"
"*",9,2,98,"","","","","Mar 18, 2024 6:38:13"
"*03aoy*",9,3,99,"C","Sean Murphy","ATL","jackdoriss11","Mar 18, 2024 6:38:35"
"*03oh0*",9,4,100,"C","Willson Contreras","STL","Verlander and Morton's Retirement Home","Mar 18, 2024 6:38:40"
"*04nx3*",9,5,101,"2B","Jonathan India","CIN","Freddie","Mar 18, 2024 6:38:47"
"*04azv*",9,6,102,"3B","Jake Burger","MIA","OnlyDans","Mar 18, 2024 6:38:49"
"*0310z*",9,7,103,"SS","J.P. Crawford","SEA","sheridan","Mar 18, 2024 6:39:07"
"*02bqh*",9,8,104,"MI","Trevor Story","BOS","Kposer","Mar 18, 2024 6:39:18"
"*01u75*",9,9,105,"C","Salvador Perez","KC","We <3 PEDs","Mar 18, 2024 6:39:39"
"*0310n*",9,10,106,"3B","Ryan McMahon","COL","FIRE OLI","Mar 18, 2024 6:40:19"
"*041ai*",9,11,107,"2B","Gavin Lux","LAD","Scotts Tots","Mar 18, 2024 6:40:45"
"*05lg3*",9,12,108,"P","Brandon Pfaadt","ARI","The Schwarbombers","Mar 18, 2024 6:40:54"
"*0512m*",10,1,109,"P","Ryan Pepiot","TB","gochargers","Mar 18, 2024 6:41:42"
"*05js3*",10,2,110,"SP","Kyle Harrison","SF","pcorcoran3","Mar 18, 2024 6:41:53"
"*05ub0*",10,3,111,"MI","Zack Gelof","OAK","jackdoriss11","Mar 18, 2024 6:42:05"
"*041yb*",10,4,112,"SP","Dean Kremer","BAL","Verlander and Morton's Retirement Home","Mar 18, 2024 6:42:20"
"*03aqz*",10,5,113,"RP","Adbert Alzolay","CHC","Freddie","Mar 18, 2024 6:42:26"
"*051dl*",10,6,114,"2B","Edouard Julien","MIN","OnlyDans","Mar 18, 2024 6:42:28"
"*02bx4*",10,7,115,"RP","Clay Holmes","NYY","sheridan","Mar 18, 2024 6:42:58"
"*04pst*",10,8,116,"OF","Jarren Duran","BOS","Kposer","Mar 18, 2024 6:43:11"
"*02c2h*",10,9,117,"SP","Chris Bassitt","TOR","We <3 PEDs","Mar 18, 2024 6:43:20"
"*05ucd*",10,10,118,"SP","Mason Miller","OAK","FIRE OLI","Mar 18, 2024 6:44:07"
"*03qo0*",10,11,119,"RP","Pete Fairbanks","TB","Scotts Tots","Mar 18, 2024 6:44:24"
"*0596e*",10,12,120,"OF","Dylan Crews","WSH","The Schwarbombers","Mar 18, 2024 6:44:38"
"*",11,1,121,"","","","","Mar 18, 2024 6:44:38"
"*051em*",11,2,122,"OF","Kerry Carpenter","DET","pcorcoran3","Mar 18, 2024 6:45:30"
"*05y62*",11,3,123,"P","Bryan Woo","SEA","jackdoriss11","Mar 18, 2024 6:45:38"
"*03ql5*",11,4,124,"RP","Ryan Helsley","STL","Verlander and Morton's Retirement Home","Mar 18, 2024 6:46:24"
"*03d6s*",11,5,125,"3B","Matt Chapman","SF","Freddie","Mar 18, 2024 6:46:28"
"*04mra*",11,6,126,"SS","Ezequiel Tovar","COL","OnlyDans","Mar 18, 2024 6:46:30"
"*03nri*",11,7,127,"OF","Lourdes Gurriel Jr.","ARI","sheridan","Mar 18, 2024 6:46:56"
"*03bin*",11,8,128,"SP","Nestor Cortes Jr.","NYY","Kposer","Mar 18, 2024 6:47:18"
"*027fx*",11,9,129,"1B","Jeimer Candelario","CIN","We <3 PEDs","Mar 18, 2024 6:47:41"
"*04e2u*",11,10,130,"OF","Brent Rooker","OAK","FIRE OLI","Mar 18, 2024 6:48:25"
"*05ybr*",11,11,131,"C","Ethan Salas","SD","Scotts Tots","Mar 18, 2024 6:48:50"
"*02i2k*",11,12,132,"UT","Byron Buxton","MIN","The Schwarbombers","Mar 18, 2024 6:49:48"
"*05jrh*",12,1,133,"3B","Colt Keith","DET","gochargers","Mar 18, 2024 6:50:02"
"*05gsi*",12,2,134,"UT","Ceddanne Rafaela","BOS","pcorcoran3","Mar 18, 2024 6:50:18"
"*041qr*",12,3,135,"SP","Aaron Civale","TB","jackdoriss11","Mar 18, 2024 6:50:26"
"*05g3x*",12,4,136,"UT","Maikel Garcia","KC","Verlander and Morton's Retirement Home","Mar 18, 2024 6:50:33"
"*029si*",12,5,137,"SP","Eduardo Rodriguez","ARI","Freddie","Mar 18, 2024 6:50:37"
"*02jh6*",12,6,138,"3B","Eugenio Suarez","ARI","OnlyDans","Mar 18, 2024 6:50:39"
"*050c3*",12,7,139,"OF","Jasson Dominguez","NYY","sheridan","Mar 18, 2024 6:50:45"
"*03pje*",12,8,140,"OF","Taylor Ward","LAA","Kposer","Mar 18, 2024 6:51:04"
"*",12,9,141,"","","","","Mar 18, 2024 6:51:05"
"*",12,10,142,"","","","","Mar 18, 2024 6:51:06"
"*04q56*",12,11,143,"C","Logan O'Hoppe","LAA","The Schwarbombers","Mar 18, 2024 6:51:46"
"*01cdf*",12,12,144,"OF","Giancarlo Stanton","NYY","The Schwarbombers","Mar 18, 2024 6:52:14"
"*04ggr*",13,1,145,"OF","Jarred Kelenic","ATL","gochargers","Mar 18, 2024 6:52:25"
"*0316j*",13,2,146,"SP","Nick Pivetta","BOS","pcorcoran3","Mar 18, 2024 6:53:19"
"*",13,3,147,"","","","","Mar 18, 2024 6:53:20"
"*050ok*",13,4,148,"RP","Yennier Cano","BAL","Verlander and Morton's Retirement Home","Mar 18, 2024 6:53:42"
"*02z93*",13,5,149,"SP","Kenta Maeda","DET","Freddie","Mar 18, 2024 6:53:46"
"*04si2*",13,6,150,"1B","Andrew Vaughn","CHW","OnlyDans","Mar 18, 2024 6:53:47"
"*031b2*",13,7,151,"C","Jonah Heim","TEX","sheridan","Mar 18, 2024 6:54:38"
"*01scl*",13,8,152,"RP","Craig Kimbrel","BAL","Kposer","Mar 18, 2024 6:54:46"
"*05u9y*",13,9,153,"OF","Max Clark","DET","We <3 PEDs","Mar 18, 2024 6:54:53"
"*0648z*",13,10,154,"OF","Victor Scott","STL","FIRE OLI","Mar 18, 2024 6:55:14"
"*04pt2*",13,11,155,"OF","Lars Nootbaar","STL","Scotts Tots","Mar 18, 2024 6:56:14"
"*030ud*",13,12,156,"UT","Eloy Jimenez","CHW","The Schwarbombers","Mar 18, 2024 6:56:55"
"*05u3v*",14,1,157,"OF","Walker Jenkins","MIN","gochargers","Mar 18, 2024 6:57:04"
"*004ee*",14,2,158,"SP","Max Scherzer","TEX","pcorcoran3","Mar 18, 2024 6:57:37"
"*05rat*",14,3,159,"OF","James Wood","WSH","jackdoriss11","Mar 18, 2024 7:08:34"
"*025dq*",14,4,160,"SP","Taijuan Walker","PHI","Verlander and Morton's Retirement Home","Mar 18, 2024 7:09:10"
"*03dfa*",14,5,161,"RP","Tanner Scott","MIA","Freddie","Mar 18, 2024 7:09:14"
"*04pr1*",14,6,162,"OF","Steven Kwan","CLE","OnlyDans","Mar 18, 2024 7:10:15"
"*",14,7,163,"","","","","Mar 18, 2024 7:10:15"
"*05r1m*",14,8,164,"SS","Jordan Lawlar","ARI","Kposer","Mar 18, 2024 7:10:33"
"*041e3*",14,9,165,"SP","Braxton Garrett","MIA","We <3 PEDs","Mar 18, 2024 7:11:27"
"*04eey*",14,10,166,"UT","MJ Melendez","KC","FIRE OLI","Mar 18, 2024 7:11:41"
"*03ppa*",14,11,167,"RP","A.J. Minter","ATL","Scotts Tots","Mar 18, 2024 7:12:14"
"*041ps*",14,12,168,"SP","Nick Lodolo","CIN","The Schwarbombers","Mar 18, 2024 7:12:37"
"*02i2q*",15,1,169,"SS","Carlos Correa","MIN","gochargers","Mar 18, 2024 7:13:34"
"*04cwf*",15,2,170,"SP","Shane Baz","TB","pcorcoran3","Mar 18, 2024 7:13:43"
"*04efa*",15,3,171,"OF","Daulton Varsho","TOR","jackdoriss11","Mar 18, 2024 7:13:51"
"*04eek*",15,4,172,"SP","Griffin Canning","LAA","FIRE OLI","Mar 18, 2024 7:14:49"
"*02bq2*",15,5,173,"OF","Brandon Nimmo","NYM","Freddie","Mar 18, 2024 7:14:54"
"*02334*",15,6,174,"UT","J.D. Martinez","(N/A)","OnlyDans","Mar 18, 2024 7:14:57"
"*03whq*",15,7,175,"1B","Ty France","SEA","sheridan","Mar 18, 2024 7:15:24"
"*039vx*",15,8,176,"OF","Jose Siri","TB","Kposer","Mar 18, 2024 7:15:31"
"*041xv*",15,9,177,"1B","Nathaniel Lowe","TEX","We <3 PEDs","Mar 18, 2024 7:15:43"
"*",15,10,178,"","","","","Mar 18, 2024 7:15:43"
"*041m2*",15,11,179,"OF","Alex Kirilloff","MIN","Scotts Tots","Mar 18, 2024 7:16:29"
"*052c8*",15,12,180,"P","Cristopher Sanchez","PHI","The Schwarbombers","Mar 18, 2024 7:16:47"
"*01lum*",16,1,181,"UT","Justin Turner","TOR","gochargers","Mar 18, 2024 7:17:17"
"*04qnd*",16,2,182,"3B","Noelvi Marte","CIN","pcorcoran3","Mar 18, 2024 7:17:23"
"*05r9j*",16,3,183,"SS","Marcelo Mayer","BOS","jackdoriss11","Mar 18, 2024 7:17:28"
"*041sq*",16,4,184,"SS","Tommy Edman","STL","Verlander and Morton's Retirement Home","Mar 18, 2024 7:17:53"
"*03btm*",16,5,185,"RP","Jose Alvarado","PHI","Freddie","Mar 18, 2024 7:18:02"
"*03dim*",16,6,186,"SP","John Means","BAL","OnlyDans","Mar 18, 2024 7:18:04"
"*02x0f*",16,7,187,"SP","Sean Manaea","NYM","sheridan","Mar 18, 2024 7:18:21"
"*026lz*",16,8,188,"1B","Josh Bell","MIA","Kposer","Mar 18, 2024 7:18:29"
"*01svz*",16,9,189,"RP","Kenley Jansen","BOS","We <3 PEDs","Mar 18, 2024 7:19:26"
"*04o4s*",16,10,190,"C","Shea Langeliers","OAK","FIRE OLI","Mar 18, 2024 7:19:41"
"*054p6*",16,11,191,"OF","Emmanuel Rodriguez","MIN","Scotts Tots","Mar 18, 2024 7:20:35"
"*02zif*",16,12,192,"RP","Ryan Pressly","HOU","The Schwarbombers","Mar 18, 2024 7:21:10"
"*05rfu*",17,1,193,"1B","Kyle Manzardo","CLE","gochargers","Mar 18, 2024 7:21:16"
"*02hlw*",17,2,194,"2B","Brandon Drury","LAA","pcorcoran3","Mar 18, 2024 7:21:23"
"*05mrx*",17,3,195,"SP","Gavin Stone","LAD","jackdoriss11","Mar 18, 2024 7:21:26"
"*04eld*",17,4,196,"SP","J.P. Sears","OAK","Verlander and Morton's Retirement Home","Mar 18, 2024 7:21:32"
"*02yd1*",17,5,197,"MI","Jorge Polanco","SEA","Freddie","Mar 18, 2024 7:21:46"
"*03sef*",17,6,198,"SP","Seth Lugo","KC","OnlyDans","Mar 18, 2024 7:21:48"
"*01s94*",17,7,199,"SP","Lance Lynn","STL","sheridan","Mar 18, 2024 7:21:54"
"*04pn3*",17,8,200,"SP","Josiah Gray","WSH","Kposer","Mar 18, 2024 7:21:58"
"*01srb*",17,9,201,"SP","Jameson Taillon","CHC","We <3 PEDs","Mar 18, 2024 7:22:26"
"*03djk*",17,10,202,"P","Tanner Houck","BOS","FIRE OLI","Mar 18, 2024 7:22:33"
"*04mrn*",17,11,203,"C","Bo Naylor","CLE","Scotts Tots","Mar 18, 2024 7:22:57"
"*05r01*",17,12,204,"RP","Robert Suarez","SD","The Schwarbombers","Mar 18, 2024 7:23:47"
"*05uy5*",18,1,205,"SP","AJ Smith-Shawver","ATL","gochargers","Mar 18, 2024 7:23:54"
"*05y7v*",18,2,206,"SP","Carson Whisenhunt","SF","pcorcoran3","Mar 18, 2024 7:24:05"
"*05xu5*",18,3,207,"SS","Zach Neto","LAA","jackdoriss11","Mar 18, 2024 7:24:35"
"*05jpx*",18,4,208,"SP","Tink Hence","STL","Verlander and Morton's Retirement Home","Mar 18, 2024 7:24:47"
"*05js5*",18,5,209,"3B","Coby Mayo","BAL","Freddie","Mar 18, 2024 7:24:51"
"*",18,6,210,"","","","","Mar 18, 2024 7:24:51"
"*03yuu*",18,7,211,"OF","Moises Gomez","STL","sheridan","Mar 18, 2024 7:25:30"
"*02bxv*",18,8,212,"SP","Jon Gray","TEX","Kposer","Mar 18, 2024 7:25:39"
"*01ubo*",18,9,213,"OF","Kris Bryant","COL","We <3 PEDs","Mar 18, 2024 7:25:47"
"*0310c*",18,10,214,"RP","Hunter Harvey","WSH","FIRE OLI","Mar 18, 2024 7:26:18"
"*",18,11,215,"","","","","Mar 18, 2024 7:26:18"
"*",18,12,216,"","","","","Mar 18, 2024 7:26:19"
"*03mnq*",19,1,217,"RP","Carlos Estevez","LAA","gochargers","Mar 18, 2024 7:26:59"
"*031cd*",19,2,218,"C","Mitch Garver","SEA","pcorcoran3","Mar 18, 2024 7:28:00"
"*",19,3,219,"","","","","Mar 18, 2024 7:28:00"
"*",19,4,220,"","","","","Mar 18, 2024 7:28:01"
"*0473n*",19,5,221,"P","Tyler A. Wells","BAL","Freddie","Mar 18, 2024 7:28:08"
"*",19,6,222,"","","","","Mar 18, 2024 7:28:08"
"*",19,7,223,"","","","","Mar 18, 2024 7:28:09"
"*04s1g*",19,8,224,"C","Gabriel Moreno","ARI","Kposer","Mar 18, 2024 7:28:20"
"*04px8*",19,9,225,"SP","Reese Olson","DET","We <3 PEDs","Mar 18, 2024 7:28:38"
"*03zcx*",19,10,226,"OF","Will Benson","CIN","FIRE OLI","Mar 18, 2024 7:29:36"
"*",19,11,227,"","","","","Mar 18, 2024 7:29:36"
"*",19,12,228,"","","","","Mar 18, 2024 7:29:37"
"*",20,1,229,"","","","","Mar 18, 2024 7:29:38"
"*05m49*",20,2,230,"OF","Jung Hoo Lee","SF","pcorcoran3","Mar 18, 2024 7:29:55"
"*",20,3,231,"","","","","Mar 18, 2024 7:29:55"
"*",20,4,232,"","","","","Mar 18, 2024 7:29:56"
"*03pjl*",20,5,233,"1B","Ryan Mountcastle","BAL","Freddie","Mar 18, 2024 7:30:02"
"*",20,6,234,"","","","","Mar 18, 2024 7:30:03"
"*",20,7,235,"","","","","Mar 18, 2024 7:30:04"
"*051wv*",20,8,236,"OF","Pete Crow-Armstrong","CHC","Kposer","Mar 18, 2024 7:30:27"
"*05ahg*",20,9,237,"C","Austin Wells","NYY","We <3 PEDs","Mar 18, 2024 7:30:33"
"*04aok*",20,10,238,"RP","Gregory Soto","PHI","FIRE OLI","Mar 18, 2024 7:31:31"
"*05u2u*",20,11,239,"2B","Tyler Black","MIL","gochargers","Mar 18, 2024 7:32:32"
"*05gsc*",20,12,240,"MI","Jordan Westburg","BAL","The Schwarbombers","Mar 18, 2024 7:32:44"
"*",21,1,241,"","","","","Mar 18, 2024 7:32:44"
"*",21,2,242,"","","","","Mar 18, 2024 7:32:45"
"*",21,3,243,"","","","","Mar 18, 2024 7:32:46"
"*",21,4,244,"","","","","Mar 18, 2024 7:32:47"
"*03avk*",21,5,245,"2B","Luis Rengifo","LAA","Freddie","Mar 18, 2024 7:32:55"
"*",21,6,246,"","","","","Mar 18, 2024 7:32:55"
"*",21,7,247,"","","","","Mar 18, 2024 7:32:56"
"*03et7*",21,8,248,"UT","Joey Meneses","WSH","Kposer","Mar 18, 2024 7:33:09"
"*",21,9,249,"","","","","Mar 18, 2024 7:33:09"
"*02iug*",21,10,250,"SP","Michael Wacha","KC","FIRE OLI","Mar 18, 2024 7:34:11"
"*",21,11,251,"","","","","Mar 18, 2024 7:34:11"
"*03ab0*",21,12,252,"SP","Luis Severino","NYM","The Schwarbombers","Mar 18, 2024 7:34:18"
"*",22,1,253,"","","","","Mar 18, 2024 7:34:18"
"*",22,2,254,"","","","","Mar 18, 2024 7:34:19"
"*",22,3,255,"","","","","Mar 18, 2024 7:34:20"
"*",22,4,256,"","","","","Mar 18, 2024 7:34:21"
"*03022*",22,5,257,"OF","Hunter Renfroe","KC","Freddie","Mar 18, 2024 7:34:25"
"*",22,6,258,"","","","","Mar 18, 2024 7:34:25"
"*",22,7,259,"","","","","Mar 18, 2024 7:34:26"
"*",22,8,260,"","","","","Mar 18, 2024 7:34:27"
"*",22,9,261,"","","","","Mar 18, 2024 7:34:28"
"*",22,10,262,"","","","","Mar 18, 2024 7:34:29"
"*",22,11,263,"","","","","Mar 18, 2024 7:34:31"
"*",22,12,264,"","","","","Mar 18, 2024 7:34:32"
"*",23,1,265,"","","","gochargers","Mar 18, 2024 7:08:22"
"*",23,2,266,"","","","pcorcoran3","Mar 18, 2024 7:08:22"
"*",23,3,267,"","","","jackdoriss11","Mar 18, 2024 7:08:22"
"*",23,4,268,"","","","Verlander and Morton's Retirement Home","Mar 18, 2024 7:08:22"
"*",23,5,269,"","","","Freddie","Mar 18, 2024 7:08:22"
"*",23,6,270,"","","","OnlyDans","Mar 18, 2024 7:08:22"
"*",23,7,271,"","","","sheridan","Mar 18, 2024 7:08:22"
"*",23,8,272,"","","","Kposer","Mar 18, 2024 7:08:22"
"*",23,9,273,"","","","We <3 PEDs","Mar 18, 2024 7:08:22"
"*",23,10,274,"","","","FIRE OLI","Mar 18, 2024 7:08:22"
"*",23,11,275,"","","","Scotts Tots","Mar 18, 2024 7:08:22"
"*",23,12,276,"","","","The Schwarbombers","Mar 18, 2024 7:08:22"
"*",24,1,277,"","","","gochargers","Mar 18, 2024 7:08:22"
"*",24,2,278,"","","","pcorcoran3","Mar 18, 2024 7:08:22"
"*",24,3,279,"","","","jackdoriss11","Mar 18, 2024 7:08:22"
"*",24,4,280,"","","","Verlander and Morton's Retirement Home","Mar 18, 2024 7:08:22"
"*",24,5,281,"","","","Freddie","Mar 18, 2024 7:08:22"
"*",24,6,282,"","","","OnlyDans","Mar 18, 2024 7:08:22"
"*",24,7,283,"","","","sheridan","Mar 18, 2024 7:08:22"
"*",24,8,284,"","","","Kposer","Mar 18, 2024 7:08:22"
"*",24,9,285,"","","","We <3 PEDs","Mar 18, 2024 7:08:22"
"*",24,10,286,"","","","FIRE OLI","Mar 18, 2024 7:08:22"
"*",24,11,287,"","","","Scotts Tots","Mar 18, 2024 7:08:22"
"*",24,12,288,"","","","The Schwarbombers","Mar 18, 2024 7:08:22"
"*",25,1,289,"","","","gochargers","Mar 18, 2024 7:08:22"
"*",25,2,290,"","","","pcorcoran3","Mar 18, 2024 7:08:22"
"*",25,3,291,"","","","jackdoriss11","Mar 18, 2024 7:08:22"
"*",25,4,292,"","","","Verlander and Morton's Retirement Home","Mar 18, 2024 7:08:22"
"*",25,5,293,"","","","Freddie","Mar 18, 2024 7:08:22"
"*",25,6,294,"","","","OnlyDans","Mar 18, 2024 7:08:22"
"*",25,7,295,"","","","sheridan","Mar 18, 2024 7:08:22"
"*",25,8,296,"","","","Kposer","Mar 18, 2024 7:08:22"
"*",25,9,297,"","","","We <3 PEDs","Mar 18, 2024 7:08:22"
"*",25,10,298,"","","","FIRE OLI","Mar 18, 2024 7:08:22"
"*",25,11,299,"","","","Scotts Tots","Mar 18, 2024 7:08:22"
"*",25,12,300,"","","","The Schwarbombers","Mar 18, 2024 7:08:22"
"*",26,1,301,"","","","gochargers","Mar 18, 2024 7:08:22"
"*",26,2,302,"","","","pcorcoran3","Mar 18, 2024 7:08:22"
"*",26,3,303,"","","","jackdoriss11","Mar 18, 2024 7:08:22"
"*",26,4,304,"","","","Verlander and Morton's Retirement Home","Mar 18, 2024 7:08:22"
"*",26,5,305,"","","","Freddie","Mar 18, 2024 7:08:22"
"*",26,6,306,"","","","OnlyDans","Mar 18, 2024 7:08:22"
"*",26,7,307,"","","","sheridan","Mar 18, 2024 7:08:22"
"*",26,8,308,"","","","Kposer","Mar 18, 2024 7:08:22"
"*",26,9,309,"","","","We <3 PEDs","Mar 18, 2024 7:08:22"
"*",26,10,310,"","","","FIRE OLI","Mar 18, 2024 7:08:22"
"*",26,11,311,"","","","Scotts Tots","Mar 18, 2024 7:08:22"
"*",26,12,312,"","","","The Schwarbombers","Mar 18, 2024 7:08:22"
"*",27,1,313,"","","","gochargers","Mar 18, 2024 7:08:22"
"*",27,2,314,"","","","pcorcoran3","Mar 18, 2024 7:08:22"
"*",27,3,315,"","","","jackdoriss11","Mar 18, 2024 7:08:22"
"*",27,4,316,"","","","Verlander and Morton's Retirement Home","Mar 18, 2024 7:08:22"
"*",27,5,317,"","","","Freddie","Mar 18, 2024 7:08:22"
"*",27,6,318,"","","","OnlyDans","Mar 18, 2024 7:08:22"
"*",27,7,319,"","","","sheridan","Mar 18, 2024 7:08:22"
"*",27,8,320,"","","","Kposer","Mar 18, 2024 7:08:22"
"*",27,9,321,"","","","We <3 PEDs","Mar 18, 2024 7:08:22"
"*",27,10,322,"","","","FIRE OLI","Mar 18, 2024 7:08:22"
"*",27,11,323,"","","","Scotts Tots","Mar 18, 2024 7:08:22"
"*",27,12,324,"","","","The Schwarbombers","Mar 18, 2024 7:08:22"
